<?xml version="1.0" encoding="UTF-8" standalone="yes"?>
<addon id="plugin.video.TheDr" name="TheDr" version="1.0.1" provider-name="computerdoctorstore.com/">
  <requires>
    <import addon="xbmc.python" version="2.1.0"/>
  </requires>
  <extension point="xbmc.python.pluginsource" library="default.py">
        <provides>video executable</provides>
  </extension>
  <extension point="xbmc.addon.metadata">
    <summary lang="en">The Dr Build</summary>
    <description lang="en">Easy Install With KODI / XBMC Wizard / For great streaming TV products visit Computer Doctor Store @ computerdoctorstore.com and receive free Technical Support when you make a purchase through Computer Doctor</description>
    <platform>all</platform>
  </extension>
</addon>
